<keymap version="1" name="VSCode copy" parent="VSCode">
  <action id="ActivateProjectToolWindow">
    <keyboard-shortcut first-keystroke="alt 1" />
  </action>
  <action id="CloseContent">
    <keyboard-shortcut first-keystroke="ctrl q" />
  </action>
  <action id="MethodDown">
    <keyboard-shortcut first-keystroke="ctrl alt 0" />
  </action>
  <action id="MethodUp">
    <keyboard-shortcut first-keystroke="ctrl alt 9" />
  </action>
  <action id="NextTab">
    <keyboard-shortcut first-keystroke="ctrl page_down" />
    <keyboard-shortcut first-keystroke="ctrl l" />
  </action>
  <action id="PreviousTab">
    <keyboard-shortcut first-keystroke="ctrl page_up" />
    <keyboard-shortcut first-keystroke="ctrl h" />
  </action>
  <action id="RecentProjectListGroup" />
  <action id="Replace">
    <keyboard-shortcut first-keystroke="ctrl r" />
  </action>
</keymap>